Albury,Albury
AlpineF2K,Alpine Fault (Fiordland to Kaniere)
AlpineK2T,Alpine Fault (Kaniere to Tophouse)
Ashley,Ashley
AwatereNE,Awatere (Northeast)
AwatereSW,Awatere (Southwest)
AwatNEVer,Awatere (Northeast Version)
AwatNEVerCl,Awatere (Northeast Version Close)
Barefell,Barefell
Brothers,Brothers
Browning,Browning
BrunAnt,Bruno Antman
Cheeseman,Cheeseman
ClarenceCentr,Clarence (Central)
ClarenceNE,Clarence (Northeast)
ClarenceSW,Clarence (Southwest)
Cust,Custap
Dalgety,Dalgety
DoubleHill,Double Hill
Esk,Esk
Fidget,Fidget
Fowlers,Fowlers
FoxPk,Fox Park
Hanmer,Hanmer
Harper,Harper
Hope1888,Hope Fault (1888 Earthquake)
HopeConway,Hope Conway
HopeConwayOS,Hope Conway (OS)
HopeCW,Hope Conway (Again)
HopeTARA,Hope Fault (TARA)
HopeTeRapa1n2,Hope Fault (Te Rapa)
Hororata,Hororata
Hundalee,Hundalee
Hunter,Hunter
HuttPeelNorth,Hutt to Peel (North)
HuttPeelSouth,Hutt to Peel (South)
Inangahua,Inangahua
IrishmanC,Irishman Creek
JorKekCha,Jordan Kek Charisma
JorKekNeed,Jordan Kek Need